algorithm,env_id,seed,episode,reward
PPO,MountainCarContinuous-v0,0,0,-51.060001373291016
PPO,MountainCarContinuous-v0,0,1,-54.052494049072266
PPO,MountainCarContinuous-v0,0,2,-49.44416046142578
PPO,MountainCarContinuous-v0,0,3,-48.693878173828125
PPO,MountainCarContinuous-v0,0,4,-44.49381637573242
PPO,MountainCarContinuous-v0,0,5,72.68218231201172
PPO,MountainCarContinuous-v0,0,6,-42.5212516784668
PPO,MountainCarContinuous-v0,0,7,-43.017669677734375
PPO,MountainCarContinuous-v0,0,8,-40.78703308105469
PPO,MountainCarContinuous-v0,0,9,-40.486083984375
PPO,MountainCarContinuous-v0,0,10,-35.0526008605957
PPO,MountainCarContinuous-v0,0,11,-35.9677619934082
PPO,MountainCarContinuous-v0,0,12,-30.90998649597168
PPO,MountainCarContinuous-v0,0,13,-34.503684997558594
PPO,MountainCarContinuous-v0,0,14,-29.336109161376953
PPO,MountainCarContinuous-v0,0,15,-32.43651580810547
PPO,MountainCarContinuous-v0,0,16,-26.958574295043945
PPO,MountainCarContinuous-v0,0,17,-28.124326705932617
PPO,MountainCarContinuous-v0,0,18,-26.761762619018555
PPO,MountainCarContinuous-v0,0,19,-25.018539428710938
PPO,MountainCarContinuous-v0,0,20,-22.453845977783203
PPO,MountainCarContinuous-v0,0,21,-23.108810424804688
PPO,MountainCarContinuous-v0,0,22,-20.715721130371094
PPO,MountainCarContinuous-v0,0,23,-21.137670516967773
PPO,MountainCarContinuous-v0,0,24,-18.459760665893555
PPO,MountainCarContinuous-v0,0,25,-19.361263275146484
PPO,MountainCarContinuous-v0,0,26,-18.406312942504883
PPO,MountainCarContinuous-v0,0,27,-15.941555976867676
PPO,MountainCarContinuous-v0,0,28,-15.64163875579834
PPO,MountainCarContinuous-v0,0,29,-14.410890579223633
PPO,MountainCarContinuous-v0,0,30,-13.981274604797363
PPO,MountainCarContinuous-v0,0,31,-13.62723445892334
PPO,MountainCarContinuous-v0,0,32,-11.76807975769043
PPO,MountainCarContinuous-v0,0,33,-12.967350959777832
PPO,MountainCarContinuous-v0,0,34,-10.32852840423584
PPO,MountainCarContinuous-v0,0,35,-11.07514762878418
PPO,MountainCarContinuous-v0,0,36,-9.61984634399414
PPO,MountainCarContinuous-v0,0,37,-9.480134963989258
PPO,MountainCarContinuous-v0,0,38,-8.295825004577637
PPO,MountainCarContinuous-v0,0,39,-8.970367431640625
PPO,MountainCarContinuous-v0,0,40,-7.661559104919434
PPO,MountainCarContinuous-v0,0,41,-7.886115074157715
PPO,MountainCarContinuous-v0,0,42,-7.3033246994018555
PPO,MountainCarContinuous-v0,0,43,-6.946471691131592
PPO,MountainCarContinuous-v0,0,44,-6.490128517150879
PPO,MountainCarContinuous-v0,0,45,-6.536865711212158
PPO,MountainCarContinuous-v0,0,46,-5.9702606201171875
PPO,MountainCarContinuous-v0,0,47,-5.645251750946045
PPO,MountainCarContinuous-v0,0,48,-5.262078762054443
PPO,MountainCarContinuous-v0,0,49,-5.1648030281066895
PPO,MountainCarContinuous-v0,0,50,-4.679978370666504
PPO,MountainCarContinuous-v0,0,51,-4.5541815757751465
PPO,MountainCarContinuous-v0,0,52,-4.280094146728516
PPO,MountainCarContinuous-v0,0,53,-4.460628032684326
PPO,MountainCarContinuous-v0,0,54,-3.7674639225006104
PPO,MountainCarContinuous-v0,0,55,-3.789121627807617
PPO,MountainCarContinuous-v0,0,56,-3.573456287384033
PPO,MountainCarContinuous-v0,0,57,-3.2506842613220215
PPO,MountainCarContinuous-v0,0,58,-3.016925573348999
PPO,MountainCarContinuous-v0,0,59,-3.203460931777954
PPO,MountainCarContinuous-v0,0,60,-2.509704828262329
PPO,MountainCarContinuous-v0,0,61,-2.8026249408721924
PPO,MountainCarContinuous-v0,0,62,-2.423861265182495
PPO,MountainCarContinuous-v0,0,63,-2.3229317665100098
PPO,MountainCarContinuous-v0,0,64,-2.288166046142578
PPO,MountainCarContinuous-v0,0,65,-2.149103879928589
PPO,MountainCarContinuous-v0,0,66,-2.0724778175354004
PPO,MountainCarContinuous-v0,0,67,-2.0194873809814453
PPO,MountainCarContinuous-v0,0,68,-1.8072844743728638
PPO,MountainCarContinuous-v0,0,69,-1.8109641075134277
PPO,MountainCarContinuous-v0,0,70,-1.5526756048202515
PPO,MountainCarContinuous-v0,0,71,-1.6429685354232788
PPO,MountainCarContinuous-v0,0,72,-1.4484775066375732
PPO,MountainCarContinuous-v0,0,73,-1.4255841970443726
PPO,MountainCarContinuous-v0,0,74,-1.332090973854065
PPO,MountainCarContinuous-v0,0,75,-1.477786660194397
PPO,MountainCarContinuous-v0,0,76,-1.199406623840332
PPO,MountainCarContinuous-v0,0,77,-1.1572165489196777
PPO,MountainCarContinuous-v0,0,78,-1.1395893096923828
PPO,MountainCarContinuous-v0,0,79,-1.191796898841858
PPO,MountainCarContinuous-v0,0,80,-1.1289186477661133
PPO,MountainCarContinuous-v0,0,81,-1.0921308994293213
PPO,MountainCarContinuous-v0,0,82,-1.0602492094039917
PPO,MountainCarContinuous-v0,0,83,-1.0933752059936523
PPO,MountainCarContinuous-v0,0,84,-0.8248962759971619
PPO,MountainCarContinuous-v0,0,85,-0.8329107761383057
PPO,MountainCarContinuous-v0,0,86,-0.8773728609085083
PPO,MountainCarContinuous-v0,0,87,-0.8037964701652527
PPO,MountainCarContinuous-v0,0,88,-0.7301195859909058
PPO,MountainCarContinuous-v0,0,89,-0.6791408658027649
PPO,MountainCarContinuous-v0,0,90,-0.6308427453041077
PPO,MountainCarContinuous-v0,0,91,-0.6525300145149231
PPO,MountainCarContinuous-v0,0,92,-0.5136554837226868
PPO,MountainCarContinuous-v0,0,93,-0.549254298210144
PPO,MountainCarContinuous-v0,0,94,-0.45337310433387756
PPO,MountainCarContinuous-v0,0,95,-0.4808797836303711
PPO,MountainCarContinuous-v0,0,96,-0.4333275556564331
PPO,MountainCarContinuous-v0,0,97,-0.4110126793384552
PPO,MountainCarContinuous-v0,0,98,-0.41261181235313416
PPO,MountainCarContinuous-v0,0,99,-0.4143103063106537
PPO,MountainCarContinuous-v0,0,100,-0.330032080411911
PPO,MountainCarContinuous-v0,0,101,-0.35987335443496704
PPO,MountainCarContinuous-v0,0,102,-0.28795185685157776
PPO,MountainCarContinuous-v0,0,103,-0.3198765814304352
PPO,MountainCarContinuous-v0,0,104,-0.2952527403831482
PPO,MountainCarContinuous-v0,0,105,-0.3193393349647522
PPO,MountainCarContinuous-v0,0,106,-0.2687559127807617
PPO,MountainCarContinuous-v0,0,107,-0.22895754873752594
PPO,MountainCarContinuous-v0,0,108,-0.21915288269519806
PPO,MountainCarContinuous-v0,0,109,-0.23020125925540924
PPO,MountainCarContinuous-v0,0,110,-0.21955528855323792
PPO,MountainCarContinuous-v0,0,111,-0.22077196836471558
PPO,MountainCarContinuous-v0,0,112,-0.19773223996162415
PPO,MountainCarContinuous-v0,0,113,-0.1845230758190155
PPO,MountainCarContinuous-v0,0,114,-0.189153790473938
PPO,MountainCarContinuous-v0,0,115,-0.18048369884490967
PPO,MountainCarContinuous-v0,0,116,-0.1633642315864563
PPO,MountainCarContinuous-v0,0,117,-0.15888503193855286
PPO,MountainCarContinuous-v0,0,118,-0.14730970561504364
PPO,MountainCarContinuous-v0,0,119,-0.14805951714515686
PPO,MountainCarContinuous-v0,0,120,-0.12939800322055817
PPO,MountainCarContinuous-v0,0,121,-0.14343543350696564
PPO,MountainCarContinuous-v0,0,122,-0.12048372626304626
PPO,MountainCarContinuous-v0,0,123,-0.12510403990745544
PPO,MountainCarContinuous-v0,0,124,-0.12102019786834717
PPO,MountainCarContinuous-v0,0,125,-0.1243094876408577
PPO,MountainCarContinuous-v0,0,126,-0.11881677061319351
PPO,MountainCarContinuous-v0,0,127,-0.10723036527633667
PPO,MountainCarContinuous-v0,0,128,-0.10527381300926208
PPO,MountainCarContinuous-v0,0,129,-0.10808800160884857
PPO,MountainCarContinuous-v0,0,130,-0.10489583760499954
PPO,MountainCarContinuous-v0,0,131,-0.1011580228805542
PPO,MountainCarContinuous-v0,0,132,-0.09590350836515427
PPO,MountainCarContinuous-v0,0,133,-0.08428498357534409
PPO,MountainCarContinuous-v0,0,134,-0.08149272203445435
PPO,MountainCarContinuous-v0,0,135,-0.08195886015892029
PPO,MountainCarContinuous-v0,0,136,-0.07647829502820969
PPO,MountainCarContinuous-v0,0,137,-0.06662031263113022
PPO,MountainCarContinuous-v0,0,138,-0.061726104468107224
PPO,MountainCarContinuous-v0,0,139,-0.06094306334853172
PPO,MountainCarContinuous-v0,0,140,-0.05476661026477814
PPO,MountainCarContinuous-v0,0,141,-0.05623006448149681
PPO,MountainCarContinuous-v0,0,142,-0.0512271374464035
PPO,MountainCarContinuous-v0,0,143,-0.049157269299030304
PPO,MountainCarContinuous-v0,0,144,-0.047931212931871414
PPO,MountainCarContinuous-v0,0,145,-0.0485217459499836
PPO,MountainCarContinuous-v0,0,146,-0.04403417184948921
PPO,MountainCarContinuous-v0,0,147,-0.04159022495150566
PPO,MountainCarContinuous-v0,0,148,-0.04014129936695099
PPO,MountainCarContinuous-v0,0,149,-0.040142372250556946
PPO,MountainCarContinuous-v0,0,150,-0.03608306869864464
PPO,MountainCarContinuous-v0,0,151,-0.03644633665680885
PPO,MountainCarContinuous-v0,0,152,-0.03232479467988014
PPO,MountainCarContinuous-v0,0,153,-0.0331699401140213
PPO,MountainCarContinuous-v0,0,154,-0.02863534726202488
PPO,MountainCarContinuous-v0,0,155,-0.032097917050123215
PPO,MountainCarContinuous-v0,0,156,-0.02991468831896782
PPO,MountainCarContinuous-v0,0,157,-0.029481716454029083
PPO,MountainCarContinuous-v0,0,158,-0.02613024227321148
PPO,MountainCarContinuous-v0,0,159,-0.025196338072419167
PPO,MountainCarContinuous-v0,0,160,-0.02432609722018242
PPO,MountainCarContinuous-v0,0,161,-0.024641087278723717
PPO,MountainCarContinuous-v0,0,162,-0.02145962417125702
PPO,MountainCarContinuous-v0,0,163,-0.021649250760674477
PPO,MountainCarContinuous-v0,0,164,-0.01962396502494812
PPO,MountainCarContinuous-v0,0,165,-0.018806761130690575
PPO,MountainCarContinuous-v0,0,166,-0.017430901527404785
PPO,MountainCarContinuous-v0,0,167,-0.018137887120246887
PPO,MountainCarContinuous-v0,0,168,-0.016531802713871002
PPO,MountainCarContinuous-v0,0,169,-0.01767210103571415
PPO,MountainCarContinuous-v0,0,170,-0.015582943335175514
PPO,MountainCarContinuous-v0,0,171,-0.015820354223251343
PPO,MountainCarContinuous-v0,0,172,-0.01451785583049059
PPO,MountainCarContinuous-v0,0,173,-0.014740071259438992
PPO,MountainCarContinuous-v0,0,174,-0.013676817528903484
PPO,MountainCarContinuous-v0,0,175,-0.015515707433223724
PPO,MountainCarContinuous-v0,0,176,-0.01422179490327835
PPO,MountainCarContinuous-v0,0,177,-0.013339096680283546
PPO,MountainCarContinuous-v0,0,178,-0.012417783960700035
PPO,MountainCarContinuous-v0,0,179,-0.013248313218355179
PPO,MountainCarContinuous-v0,0,180,-0.013333477079868317
PPO,MountainCarContinuous-v0,0,181,-0.013140954077243805
PPO,MountainCarContinuous-v0,0,182,-0.012575095519423485
PPO,MountainCarContinuous-v0,0,183,-0.011925719678401947
PPO,MountainCarContinuous-v0,0,184,-0.01184792723506689
PPO,MountainCarContinuous-v0,0,185,-0.012251656502485275
PPO,MountainCarContinuous-v0,0,186,-0.00995427556335926
PPO,MountainCarContinuous-v0,0,187,-0.010417237877845764
PPO,MountainCarContinuous-v0,0,188,-0.011587987653911114
PPO,MountainCarContinuous-v0,0,189,-0.010159424506127834
PPO,MountainCarContinuous-v0,0,190,-0.009978063404560089
PPO,MountainCarContinuous-v0,0,191,-0.010038334876298904
PPO,MountainCarContinuous-v0,0,192,-0.01006187405437231
PPO,MountainCarContinuous-v0,0,193,-0.010945639573037624
PPO,MountainCarContinuous-v0,0,194,-0.009745828807353973
PPO,MountainCarContinuous-v0,0,195,-0.0101586002856493
PPO,MountainCarContinuous-v0,1,0,-51.63737487792969
PPO,MountainCarContinuous-v0,1,1,-51.11594772338867
PPO,MountainCarContinuous-v0,1,2,-48.15188980102539
PPO,MountainCarContinuous-v0,1,3,-49.46267318725586
PPO,MountainCarContinuous-v0,1,4,-44.48880386352539
PPO,MountainCarContinuous-v0,1,5,-45.653499603271484
PPO,MountainCarContinuous-v0,1,6,-42.75257110595703
PPO,MountainCarContinuous-v0,1,7,-42.377037048339844
PPO,MountainCarContinuous-v0,1,8,-39.6074104309082
PPO,MountainCarContinuous-v0,1,9,-40.9863166809082
PPO,MountainCarContinuous-v0,1,10,-36.7817268371582
PPO,MountainCarContinuous-v0,1,11,-37.53160858154297
PPO,MountainCarContinuous-v0,1,12,-36.189964294433594
PPO,MountainCarContinuous-v0,1,13,-32.76049041748047
PPO,MountainCarContinuous-v0,1,14,-29.697492599487305
PPO,MountainCarContinuous-v0,1,15,-31.41045379638672
PPO,MountainCarContinuous-v0,1,16,-27.967241287231445
PPO,MountainCarContinuous-v0,1,17,-27.766231536865234
PPO,MountainCarContinuous-v0,1,18,-25.36944580078125
PPO,MountainCarContinuous-v0,1,19,-26.861082077026367
PPO,MountainCarContinuous-v0,1,20,-25.29152488708496
PPO,MountainCarContinuous-v0,1,21,-22.570383071899414
PPO,MountainCarContinuous-v0,1,22,-21.273420333862305
PPO,MountainCarContinuous-v0,1,23,-20.40918731689453
PPO,MountainCarContinuous-v0,1,24,-18.58150291442871
PPO,MountainCarContinuous-v0,1,25,-18.69134521484375
PPO,MountainCarContinuous-v0,1,26,-17.93536376953125
PPO,MountainCarContinuous-v0,1,27,-16.502443313598633
PPO,MountainCarContinuous-v0,1,28,-14.5516939163208
PPO,MountainCarContinuous-v0,1,29,-14.268340110778809
PPO,MountainCarContinuous-v0,1,30,-13.84792423248291
PPO,MountainCarContinuous-v0,1,31,-14.971219062805176
PPO,MountainCarContinuous-v0,1,32,-12.350520133972168
PPO,MountainCarContinuous-v0,1,33,-12.079998970031738
PPO,MountainCarContinuous-v0,1,34,-10.493329048156738
PPO,MountainCarContinuous-v0,1,35,-11.644192695617676
PPO,MountainCarContinuous-v0,1,36,-11.212510108947754
PPO,MountainCarContinuous-v0,1,37,-9.949848175048828
PPO,MountainCarContinuous-v0,1,38,-8.969355583190918
PPO,MountainCarContinuous-v0,1,39,-8.574084281921387
PPO,MountainCarContinuous-v0,1,40,-8.304600715637207
PPO,MountainCarContinuous-v0,1,41,-7.995276927947998
PPO,MountainCarContinuous-v0,1,42,-6.61685037612915
PPO,MountainCarContinuous-v0,1,43,-6.855217933654785
PPO,MountainCarContinuous-v0,1,44,-5.876326084136963
PPO,MountainCarContinuous-v0,1,45,-5.981881141662598
PPO,MountainCarContinuous-v0,1,46,-4.9497151374816895
PPO,MountainCarContinuous-v0,1,47,-5.248535633087158
PPO,MountainCarContinuous-v0,1,48,-4.524307727813721
PPO,MountainCarContinuous-v0,1,49,-5.023766040802002
PPO,MountainCarContinuous-v0,1,50,-4.3147969245910645
PPO,MountainCarContinuous-v0,1,51,-4.390859603881836
PPO,MountainCarContinuous-v0,1,52,-4.029631614685059
PPO,MountainCarContinuous-v0,1,53,-4.301541328430176
PPO,MountainCarContinuous-v0,1,54,-3.648402690887451
PPO,MountainCarContinuous-v0,1,55,-3.523496150970459
PPO,MountainCarContinuous-v0,1,56,-3.3211658000946045
PPO,MountainCarContinuous-v0,1,57,-3.1998443603515625
PPO,MountainCarContinuous-v0,1,58,-3.2500057220458984
PPO,MountainCarContinuous-v0,1,59,-2.9533421993255615
PPO,MountainCarContinuous-v0,1,60,-2.625267505645752
PPO,MountainCarContinuous-v0,1,61,-2.626185655593872
PPO,MountainCarContinuous-v0,1,62,-2.4405899047851562
PPO,MountainCarContinuous-v0,1,63,-2.554274320602417
PPO,MountainCarContinuous-v0,1,64,-2.1932003498077393
PPO,MountainCarContinuous-v0,1,65,-2.1327738761901855
PPO,MountainCarContinuous-v0,1,66,-1.9027787446975708
PPO,MountainCarContinuous-v0,1,67,-1.9999561309814453
PPO,MountainCarContinuous-v0,1,68,-1.7683311700820923
PPO,MountainCarContinuous-v0,1,69,-1.7623181343078613
PPO,MountainCarContinuous-v0,1,70,-1.4519476890563965
PPO,MountainCarContinuous-v0,1,71,-1.5697922706604004
PPO,MountainCarContinuous-v0,1,72,-1.2921491861343384
PPO,MountainCarContinuous-v0,1,73,-1.464719533920288
PPO,MountainCarContinuous-v0,1,74,-1.2188115119934082
PPO,MountainCarContinuous-v0,1,75,-1.2294245958328247
PPO,MountainCarContinuous-v0,1,76,-1.0832529067993164
PPO,MountainCarContinuous-v0,1,77,-1.0445996522903442
PPO,MountainCarContinuous-v0,1,78,-1.0411326885223389
PPO,MountainCarContinuous-v0,1,79,-0.9442256689071655
PPO,MountainCarContinuous-v0,1,80,-0.8797075748443604
PPO,MountainCarContinuous-v0,1,81,-0.8437686562538147
PPO,MountainCarContinuous-v0,1,82,-0.8270111680030823
PPO,MountainCarContinuous-v0,1,83,-0.81212317943573
PPO,MountainCarContinuous-v0,1,84,-0.7997353076934814
PPO,MountainCarContinuous-v0,1,85,-0.6846145391464233
PPO,MountainCarContinuous-v0,1,86,-0.6378723978996277
PPO,MountainCarContinuous-v0,1,87,-0.6857549548149109
PPO,MountainCarContinuous-v0,1,88,-0.6463743448257446
PPO,MountainCarContinuous-v0,1,89,-0.5913652181625366
PPO,MountainCarContinuous-v0,1,90,-0.545883059501648
PPO,MountainCarContinuous-v0,1,91,-0.5170440077781677
PPO,MountainCarContinuous-v0,1,92,-0.5284176468849182
PPO,MountainCarContinuous-v0,1,93,-0.4915913939476013
PPO,MountainCarContinuous-v0,1,94,-0.4232295751571655
PPO,MountainCarContinuous-v0,1,95,-0.42500072717666626
PPO,MountainCarContinuous-v0,1,96,-0.4118430018424988
PPO,MountainCarContinuous-v0,1,97,-0.4029420018196106
PPO,MountainCarContinuous-v0,1,98,-0.3975031077861786
PPO,MountainCarContinuous-v0,1,99,-0.40155863761901855
PPO,MountainCarContinuous-v0,1,100,-0.3428104817867279
PPO,MountainCarContinuous-v0,1,101,-0.33131396770477295
PPO,MountainCarContinuous-v0,1,102,-0.30325010418891907
PPO,MountainCarContinuous-v0,1,103,-0.3229159414768219
PPO,MountainCarContinuous-v0,1,104,-0.27056166529655457
PPO,MountainCarContinuous-v0,1,105,-0.26001787185668945
PPO,MountainCarContinuous-v0,1,106,-0.2558799386024475
PPO,MountainCarContinuous-v0,1,107,-0.24917863309383392
PPO,MountainCarContinuous-v0,1,108,-0.23131996393203735
PPO,MountainCarContinuous-v0,1,109,-0.21635083854198456
PPO,MountainCarContinuous-v0,1,110,-0.19952841103076935
PPO,MountainCarContinuous-v0,1,111,-0.20102794468402863
PPO,MountainCarContinuous-v0,1,112,-0.17926053702831268
PPO,MountainCarContinuous-v0,1,113,-0.1738019734621048
PPO,MountainCarContinuous-v0,1,114,-0.16754820942878723
PPO,MountainCarContinuous-v0,1,115,-0.16051246225833893
PPO,MountainCarContinuous-v0,1,116,-0.15602360665798187
PPO,MountainCarContinuous-v0,1,117,-0.1521415263414383
PPO,MountainCarContinuous-v0,1,118,-0.13765160739421844
PPO,MountainCarContinuous-v0,1,119,-0.14556293189525604
PPO,MountainCarContinuous-v0,1,120,-0.1329260915517807
PPO,MountainCarContinuous-v0,1,121,-0.13034115731716156
PPO,MountainCarContinuous-v0,1,122,-0.12777674198150635
PPO,MountainCarContinuous-v0,1,123,-0.12097548693418503
PPO,MountainCarContinuous-v0,1,124,-0.12582708895206451
PPO,MountainCarContinuous-v0,1,125,-0.12283329665660858
PPO,MountainCarContinuous-v0,1,126,-0.10318578034639359
PPO,MountainCarContinuous-v0,1,127,-0.11753235757350922
PPO,MountainCarContinuous-v0,1,128,-0.09253031015396118
PPO,MountainCarContinuous-v0,1,129,-0.09457866102457047
PPO,MountainCarContinuous-v0,1,130,-0.08335823565721512
PPO,MountainCarContinuous-v0,1,131,-0.08737719058990479
PPO,MountainCarContinuous-v0,1,132,-0.07859836518764496
PPO,MountainCarContinuous-v0,1,133,-0.08295412361621857
PPO,MountainCarContinuous-v0,1,134,-0.07130051404237747
PPO,MountainCarContinuous-v0,1,135,-0.06852155923843384
PPO,MountainCarContinuous-v0,1,136,-0.06212514266371727
PPO,MountainCarContinuous-v0,1,137,-0.06422817707061768
PPO,MountainCarContinuous-v0,1,138,-0.059147000312805176
PPO,MountainCarContinuous-v0,1,139,-0.06864748895168304
PPO,MountainCarContinuous-v0,1,140,-0.05867806077003479
PPO,MountainCarContinuous-v0,1,141,-0.058731336146593094
PPO,MountainCarContinuous-v0,1,142,-0.05268048495054245
PPO,MountainCarContinuous-v0,1,143,-0.05203372985124588
PPO,MountainCarContinuous-v0,1,144,-0.045023757964372635
PPO,MountainCarContinuous-v0,1,145,-0.044959381222724915
PPO,MountainCarContinuous-v0,1,146,-0.04099354147911072
PPO,MountainCarContinuous-v0,1,147,-0.041308049112558365
PPO,MountainCarContinuous-v0,1,148,-0.04234810173511505
PPO,MountainCarContinuous-v0,1,149,-0.03817562013864517
PPO,MountainCarContinuous-v0,1,150,-0.03683659806847572
PPO,MountainCarContinuous-v0,1,151,-0.03697463870048523
PPO,MountainCarContinuous-v0,1,152,-0.032939061522483826
PPO,MountainCarContinuous-v0,1,153,-0.03195984661579132
PPO,MountainCarContinuous-v0,1,154,-0.029918089509010315
PPO,MountainCarContinuous-v0,1,155,-0.02966759167611599
PPO,MountainCarContinuous-v0,1,156,-0.03169133886694908
PPO,MountainCarContinuous-v0,1,157,-0.029057417064905167
PPO,MountainCarContinuous-v0,1,158,-0.02598152682185173
PPO,MountainCarContinuous-v0,1,159,-0.027883395552635193
PPO,MountainCarContinuous-v0,1,160,-0.02536097913980484
PPO,MountainCarContinuous-v0,1,161,-0.027074147015810013
PPO,MountainCarContinuous-v0,1,162,-0.026133371517062187
PPO,MountainCarContinuous-v0,1,163,-0.024682583287358284
PPO,MountainCarContinuous-v0,1,164,-0.023309677839279175
PPO,MountainCarContinuous-v0,1,165,-0.024064620956778526
PPO,MountainCarContinuous-v0,1,166,-0.02296769805252552
PPO,MountainCarContinuous-v0,1,167,-0.022692538797855377
PPO,MountainCarContinuous-v0,1,168,-0.02382083609700203
PPO,MountainCarContinuous-v0,1,169,-0.023658789694309235
PPO,MountainCarContinuous-v0,1,170,-0.020432384684681892
PPO,MountainCarContinuous-v0,1,171,-0.0187698844820261
PPO,MountainCarContinuous-v0,1,172,-0.018725935369729996
PPO,MountainCarContinuous-v0,1,173,-0.018724549561738968
PPO,MountainCarContinuous-v0,1,174,-0.018475020304322243
PPO,MountainCarContinuous-v0,1,175,-0.01798076741397381
PPO,MountainCarContinuous-v0,1,176,-0.018458405509591103
PPO,MountainCarContinuous-v0,1,177,-0.015290760435163975
PPO,MountainCarContinuous-v0,1,178,-0.016437366604804993
PPO,MountainCarContinuous-v0,1,179,-0.01867530681192875
PPO,MountainCarContinuous-v0,1,180,-0.015841303393244743
PPO,MountainCarContinuous-v0,1,181,-0.015309464186429977
PPO,MountainCarContinuous-v0,1,182,-0.01429652888327837
PPO,MountainCarContinuous-v0,1,183,-0.013410218060016632
PPO,MountainCarContinuous-v0,1,184,-0.012700722552835941
PPO,MountainCarContinuous-v0,1,185,-0.0129467211663723
PPO,MountainCarContinuous-v0,1,186,-0.011987990699708462
PPO,MountainCarContinuous-v0,1,187,-0.011140186339616776
PPO,MountainCarContinuous-v0,1,188,-0.011293035931885242
PPO,MountainCarContinuous-v0,1,189,-0.010306321084499359
PPO,MountainCarContinuous-v0,1,190,-0.010419086553156376
PPO,MountainCarContinuous-v0,1,191,-0.012526048347353935
PPO,MountainCarContinuous-v0,1,192,-0.012460906989872456
PPO,MountainCarContinuous-v0,1,193,-0.012072240933775902
PPO,MountainCarContinuous-v0,1,194,-0.011952698230743408
PPO,MountainCarContinuous-v0,1,195,-0.010713447816669941
PPO,MountainCarContinuous-v0,2,0,-51.44761657714844
PPO,MountainCarContinuous-v0,2,1,-50.353309631347656
PPO,MountainCarContinuous-v0,2,2,-47.286312103271484
PPO,MountainCarContinuous-v0,2,3,-48.976173400878906
PPO,MountainCarContinuous-v0,2,4,-46.06729507446289
PPO,MountainCarContinuous-v0,2,5,-44.05006790161133
PPO,MountainCarContinuous-v0,2,6,-44.4779052734375
PPO,MountainCarContinuous-v0,2,7,-43.97236633300781
PPO,MountainCarContinuous-v0,2,8,-39.99429702758789
PPO,MountainCarContinuous-v0,2,9,-38.636390686035156
PPO,MountainCarContinuous-v0,2,10,-37.08662796020508
PPO,MountainCarContinuous-v0,2,11,-37.5133056640625
PPO,MountainCarContinuous-v0,2,12,-32.94982147216797
PPO,MountainCarContinuous-v0,2,13,-34.44502258300781
PPO,MountainCarContinuous-v0,2,14,-31.572731018066406
PPO,MountainCarContinuous-v0,2,15,-31.403127670288086
PPO,MountainCarContinuous-v0,2,16,-28.474355697631836
PPO,MountainCarContinuous-v0,2,17,-30.705551147460938
PPO,MountainCarContinuous-v0,2,18,-27.990591049194336
PPO,MountainCarContinuous-v0,2,19,-26.690156936645508
PPO,MountainCarContinuous-v0,2,20,-25.127309799194336
PPO,MountainCarContinuous-v0,2,21,-25.63467025756836
PPO,MountainCarContinuous-v0,2,22,-23.876562118530273
PPO,MountainCarContinuous-v0,2,23,-22.723024368286133
PPO,MountainCarContinuous-v0,2,24,-19.117895126342773
PPO,MountainCarContinuous-v0,2,25,-21.495697021484375
PPO,MountainCarContinuous-v0,2,26,-18.814634323120117
PPO,MountainCarContinuous-v0,2,27,-17.884702682495117
PPO,MountainCarContinuous-v0,2,28,-16.487977981567383
PPO,MountainCarContinuous-v0,2,29,-15.198918342590332
PPO,MountainCarContinuous-v0,2,30,-14.499695777893066
PPO,MountainCarContinuous-v0,2,31,-13.917792320251465
PPO,MountainCarContinuous-v0,2,32,-14.524828910827637
PPO,MountainCarContinuous-v0,2,33,-12.238149642944336
PPO,MountainCarContinuous-v0,2,34,-12.445124626159668
PPO,MountainCarContinuous-v0,2,35,-11.514196395874023
PPO,MountainCarContinuous-v0,2,36,-9.870291709899902
PPO,MountainCarContinuous-v0,2,37,-10.345915794372559
PPO,MountainCarContinuous-v0,2,38,-9.603653907775879
PPO,MountainCarContinuous-v0,2,39,-8.787537574768066
PPO,MountainCarContinuous-v0,2,40,-8.318062782287598
PPO,MountainCarContinuous-v0,2,41,-8.05292797088623
PPO,MountainCarContinuous-v0,2,42,-8.279465675354004
PPO,MountainCarContinuous-v0,2,43,-6.995759963989258
PPO,MountainCarContinuous-v0,2,44,-6.568596839904785
PPO,MountainCarContinuous-v0,2,45,-7.125489711761475
PPO,MountainCarContinuous-v0,2,46,-5.704688549041748
PPO,MountainCarContinuous-v0,2,47,-5.801635265350342
PPO,MountainCarContinuous-v0,2,48,-5.33945894241333
PPO,MountainCarContinuous-v0,2,49,-5.043504238128662
PPO,MountainCarContinuous-v0,2,50,-4.758779525756836
PPO,MountainCarContinuous-v0,2,51,-4.682188987731934
PPO,MountainCarContinuous-v0,2,52,-4.105198383331299
PPO,MountainCarContinuous-v0,2,53,-3.888983964920044
PPO,MountainCarContinuous-v0,2,54,-3.5366790294647217
PPO,MountainCarContinuous-v0,2,55,-3.8317081928253174
PPO,MountainCarContinuous-v0,2,56,-3.3176653385162354
PPO,MountainCarContinuous-v0,2,57,-3.201171636581421
PPO,MountainCarContinuous-v0,2,58,-2.993652105331421
PPO,MountainCarContinuous-v0,2,59,-3.178270101547241
PPO,MountainCarContinuous-v0,2,60,-2.6373791694641113
PPO,MountainCarContinuous-v0,2,61,-2.813683032989502
PPO,MountainCarContinuous-v0,2,62,-2.408216714859009
PPO,MountainCarContinuous-v0,2,63,-2.52040433883667
PPO,MountainCarContinuous-v0,2,64,-1.9739843606948853
PPO,MountainCarContinuous-v0,2,65,-2.1086273193359375
PPO,MountainCarContinuous-v0,2,66,-1.9312829971313477
PPO,MountainCarContinuous-v0,2,67,-2.107149600982666
PPO,MountainCarContinuous-v0,2,68,-1.6760250329971313
PPO,MountainCarContinuous-v0,2,69,-1.712632656097412
PPO,MountainCarContinuous-v0,2,70,-1.583308458328247
PPO,MountainCarContinuous-v0,2,71,-1.6079634428024292
PPO,MountainCarContinuous-v0,2,72,-1.425971508026123
PPO,MountainCarContinuous-v0,2,73,-1.5244202613830566
PPO,MountainCarContinuous-v0,2,74,-1.2566219568252563
PPO,MountainCarContinuous-v0,2,75,-1.1929221153259277
PPO,MountainCarContinuous-v0,2,76,-1.124332308769226
PPO,MountainCarContinuous-v0,2,77,-1.1752485036849976
PPO,MountainCarContinuous-v0,2,78,-0.9925674796104431
PPO,MountainCarContinuous-v0,2,79,-0.9649775624275208
PPO,MountainCarContinuous-v0,2,80,-0.9393466711044312
PPO,MountainCarContinuous-v0,2,81,-0.9500882625579834
PPO,MountainCarContinuous-v0,2,82,-0.8692173957824707
PPO,MountainCarContinuous-v0,2,83,-0.8603124022483826
PPO,MountainCarContinuous-v0,2,84,-0.7548074722290039
PPO,MountainCarContinuous-v0,2,85,-0.7400341033935547
PPO,MountainCarContinuous-v0,2,86,-0.6885235905647278
PPO,MountainCarContinuous-v0,2,87,-0.6757438778877258
PPO,MountainCarContinuous-v0,2,88,-0.6137477159500122
PPO,MountainCarContinuous-v0,2,89,-0.6165658235549927
PPO,MountainCarContinuous-v0,2,90,-0.5872099995613098
PPO,MountainCarContinuous-v0,2,91,-0.5629367828369141
PPO,MountainCarContinuous-v0,2,92,-0.47760042548179626
PPO,MountainCarContinuous-v0,2,93,-0.48733991384506226
PPO,MountainCarContinuous-v0,2,94,-0.42589521408081055
PPO,MountainCarContinuous-v0,2,95,-0.42435917258262634
PPO,MountainCarContinuous-v0,2,96,-0.4007824957370758
PPO,MountainCarContinuous-v0,2,97,-0.3864835798740387
PPO,MountainCarContinuous-v0,2,98,-0.37390804290771484
PPO,MountainCarContinuous-v0,2,99,-0.3384271264076233
PPO,MountainCarContinuous-v0,2,100,-0.30960583686828613
PPO,MountainCarContinuous-v0,2,101,-0.3029375374317169
PPO,MountainCarContinuous-v0,2,102,-0.28204384446144104
PPO,MountainCarContinuous-v0,2,103,-0.3012158274650574
PPO,MountainCarContinuous-v0,2,104,-0.26056328415870667
PPO,MountainCarContinuous-v0,2,105,-0.26770666241645813
PPO,MountainCarContinuous-v0,2,106,-0.22562575340270996
PPO,MountainCarContinuous-v0,2,107,-0.21574264764785767
PPO,MountainCarContinuous-v0,2,108,-0.20862090587615967
PPO,MountainCarContinuous-v0,2,109,-0.20633800327777863
PPO,MountainCarContinuous-v0,2,110,-0.21359899640083313
PPO,MountainCarContinuous-v0,2,111,-0.18426205217838287
PPO,MountainCarContinuous-v0,2,112,-0.17838230729103088
PPO,MountainCarContinuous-v0,2,113,-0.18152520060539246
PPO,MountainCarContinuous-v0,2,114,-0.1881028562784195
PPO,MountainCarContinuous-v0,2,115,-0.15961842238903046
PPO,MountainCarContinuous-v0,2,116,-0.1585451066493988
PPO,MountainCarContinuous-v0,2,117,-0.14474251866340637
PPO,MountainCarContinuous-v0,2,118,-0.13833434879779816
PPO,MountainCarContinuous-v0,2,119,-0.13211765885353088
PPO,MountainCarContinuous-v0,2,120,-0.13709445297718048
PPO,MountainCarContinuous-v0,2,121,-0.1333943009376526
PPO,MountainCarContinuous-v0,2,122,-0.11860423535108566
PPO,MountainCarContinuous-v0,2,123,-0.12787865102291107
PPO,MountainCarContinuous-v0,2,124,-0.10980094969272614
PPO,MountainCarContinuous-v0,2,125,-0.10837166756391525
PPO,MountainCarContinuous-v0,2,126,-0.10739179700613022
PPO,MountainCarContinuous-v0,2,127,-0.10749305784702301
PPO,MountainCarContinuous-v0,2,128,-0.09722789376974106
PPO,MountainCarContinuous-v0,2,129,-0.09410631656646729
PPO,MountainCarContinuous-v0,2,130,-0.08522940427064896
PPO,MountainCarContinuous-v0,2,131,-0.08119813352823257
PPO,MountainCarContinuous-v0,2,132,-0.09056791663169861
PPO,MountainCarContinuous-v0,2,133,-0.07804587483406067
PPO,MountainCarContinuous-v0,2,134,-0.07410793006420135
PPO,MountainCarContinuous-v0,2,135,-0.07676238566637039
PPO,MountainCarContinuous-v0,2,136,-0.06796174496412277
PPO,MountainCarContinuous-v0,2,137,-0.07296763360500336
PPO,MountainCarContinuous-v0,2,138,-0.06083055958151817
PPO,MountainCarContinuous-v0,2,139,-0.06313902884721756
PPO,MountainCarContinuous-v0,2,140,-0.06026344746351242
PPO,MountainCarContinuous-v0,2,141,-0.059973862022161484
PPO,MountainCarContinuous-v0,2,142,-0.0517386719584465
PPO,MountainCarContinuous-v0,2,143,-0.057411011308431625
PPO,MountainCarContinuous-v0,2,144,-0.048196952790021896
PPO,MountainCarContinuous-v0,2,145,-0.05126461014151573
PPO,MountainCarContinuous-v0,2,146,-0.050821028649806976
PPO,MountainCarContinuous-v0,2,147,-0.04803045094013214
PPO,MountainCarContinuous-v0,2,148,-0.04128260165452957
PPO,MountainCarContinuous-v0,2,149,-0.043327249586582184
PPO,MountainCarContinuous-v0,2,150,-0.039093926548957825
PPO,MountainCarContinuous-v0,2,151,-0.03895818814635277
PPO,MountainCarContinuous-v0,2,152,-0.03731890395283699
PPO,MountainCarContinuous-v0,2,153,-0.03861824795603752
PPO,MountainCarContinuous-v0,2,154,-0.03328699991106987
PPO,MountainCarContinuous-v0,2,155,-0.029649468138813972
PPO,MountainCarContinuous-v0,2,156,-0.028826909139752388
PPO,MountainCarContinuous-v0,2,157,-0.03256979212164879
PPO,MountainCarContinuous-v0,2,158,-0.03157766908407211
PPO,MountainCarContinuous-v0,2,159,-0.029986843466758728
PPO,MountainCarContinuous-v0,2,160,-0.02462381310760975
PPO,MountainCarContinuous-v0,2,161,-0.024852760136127472
PPO,MountainCarContinuous-v0,2,162,-0.022766290232539177
PPO,MountainCarContinuous-v0,2,163,-0.025138098746538162
PPO,MountainCarContinuous-v0,2,164,-0.021548936143517494
PPO,MountainCarContinuous-v0,2,165,-0.021065453067421913
PPO,MountainCarContinuous-v0,2,166,-0.02172168344259262
PPO,MountainCarContinuous-v0,2,167,-0.02025890350341797
PPO,MountainCarContinuous-v0,2,168,-0.017156876623630524
PPO,MountainCarContinuous-v0,2,169,-0.018090087920427322
PPO,MountainCarContinuous-v0,2,170,-0.018608458340168
PPO,MountainCarContinuous-v0,2,171,-0.01838739775121212
PPO,MountainCarContinuous-v0,2,172,-0.016007937490940094
PPO,MountainCarContinuous-v0,2,173,-0.017177486792206764
PPO,MountainCarContinuous-v0,2,174,-0.017803892493247986
PPO,MountainCarContinuous-v0,2,175,-0.01648268848657608
PPO,MountainCarContinuous-v0,2,176,-0.01666727475821972
PPO,MountainCarContinuous-v0,2,177,-0.015248474664986134
PPO,MountainCarContinuous-v0,2,178,-0.014545728452503681
PPO,MountainCarContinuous-v0,2,179,-0.014355862513184547
PPO,MountainCarContinuous-v0,2,180,-0.013064997270703316
PPO,MountainCarContinuous-v0,2,181,-0.012214172631502151
PPO,MountainCarContinuous-v0,2,182,-0.01329917274415493
PPO,MountainCarContinuous-v0,2,183,-0.01213112287223339
PPO,MountainCarContinuous-v0,2,184,-0.010648461058735847
PPO,MountainCarContinuous-v0,2,185,-0.011238973587751389
PPO,MountainCarContinuous-v0,2,186,-0.010012065060436726
PPO,MountainCarContinuous-v0,2,187,-0.009959162212908268
PPO,MountainCarContinuous-v0,2,188,-0.010319770313799381
PPO,MountainCarContinuous-v0,2,189,-0.010176154784858227
PPO,MountainCarContinuous-v0,2,190,-0.00915930699557066
PPO,MountainCarContinuous-v0,2,191,-0.009539466351270676
PPO,MountainCarContinuous-v0,2,192,-0.007917528040707111
PPO,MountainCarContinuous-v0,2,193,-0.008222823031246662
PPO,MountainCarContinuous-v0,2,194,-0.00770103232935071
PPO,MountainCarContinuous-v0,2,195,-0.008383317850530148
