episode,step,episode_return,elapsed_s
1,200,-966.4013767135265,0.00362396240234375
2,400,-1252.3706989502084,0.00703883171081543
3,600,-1069.8186737641188,0.010551929473876953
4,800,-1299.3925470671277,0.013918876647949219
5,1000,-1068.6494534043547,0.017251968383789062
6,1200,-1003.7940793624156,0.3339707851409912
7,1400,-793.7914265274284,0.5821590423583984
8,1600,-1169.5319910784092,0.8369960784912109
9,1800,-1781.6542931465267,1.0877048969268799
10,2000,-1077.9185578025997,1.3630058765411377
11,2200,-975.5065937907146,1.6665451526641846
12,2400,-1425.8022095035035,1.9229490756988525
13,2600,-852.7890527756554,2.176670789718628
14,2800,-917.0562119291526,2.432701826095581
15,3000,-1275.1065658682307,2.681915044784546
16,3200,-1088.3134217349225,2.991481065750122
17,3400,-1075.0266148260905,3.246121883392334
18,3600,-877.3608439831752,3.524275779724121
19,3800,-867.2887258110745,3.776188850402832
20,4000,-1357.0748464765338,4.031534910202026
21,4200,-1544.5641949495928,4.336934804916382
22,4400,-1504.0733359207447,4.594303846359253
23,4600,-898.4400022067896,4.862339019775391
24,4800,-886.7157354680523,5.120603084564209
25,5000,-1326.6208327965744,5.387243032455444
26,5200,-973.933470222129,5.701665878295898
27,5400,-1613.1578359875195,5.960705995559692
28,5600,-969.897123659832,6.2237608432769775
29,5800,-998.79391670818,6.497419834136963
30,6000,-868.9602232708686,6.7672438621521
31,6200,-1299.5129048614895,7.081373929977417
32,6400,-868.8851343747441,7.345251083374023
33,6600,-1816.9305787387075,7.6092119216918945
34,6800,-1395.5802402516078,7.874048948287964
35,7000,-896.3515245250718,8.139249086380005
36,7200,-777.4268898950044,8.452836990356445
37,7400,-1069.2657315396043,8.71772313117981
38,7600,-967.975749708905,8.988045930862427
39,7800,-1826.7280357865554,9.254524946212769
40,8000,-961.1315130418827,9.517756938934326
41,8200,-1829.428089464524,9.834935903549194
42,8400,-1718.6793135845305,10.104243993759155
43,8600,-1560.150767753702,10.371785879135132
44,8800,-1572.2916829859134,10.63516092300415
45,9000,-1429.2812687759538,10.901126146316528
46,9200,-1661.9742479381334,11.215858936309814
47,9400,-970.0301420427852,11.543720960617065
48,9600,-874.0955887586398,11.82026481628418
49,9800,-760.3556048602169,12.092769861221313
50,10000,-1375.395187687468,12.362505912780762
51,10200,-127.45125215392315,12.683418989181519
52,10400,-127.21000814873726,12.959238767623901
53,10600,-230.44870573994555,13.233006954193115
54,10800,-234.54755856950908,13.507030963897705
55,11000,-126.35436946130275,13.78046989440918
56,11200,-229.5240849945813,14.098337888717651
57,11400,-1.4157557883832268,14.374881029129028
58,11600,-228.45500767938933,14.651566982269287
59,11800,-121.57936579017745,14.926886081695557
60,12000,-356.6997068828419,15.196863889694214
61,12200,-231.60187402984897,15.519775867462158
62,12400,-124.2110700181199,15.79387092590332
63,12600,-1.7736791134382301,16.07220697402954
64,12800,-118.02368400375946,16.34326195716858
65,13000,-119.18902668556576,16.63463807106018
66,13200,-359.9957529084038,16.96097683906555
67,13400,-319.1383760858279,17.236188888549805
68,13600,-234.94414069758267,17.513679027557373
69,13800,-121.38724353030162,17.789885759353638
70,14000,-1.4407326974211558,18.06792187690735
71,14200,-228.35564460683509,18.38985586166382
72,14400,-234.83687161809658,18.665966987609863
73,14600,-115.3616865637426,18.9458589553833
74,14800,-1.182526459823258,19.23152995109558
75,15000,-251.8608791146949,19.508677005767822
76,15200,-298.65921786970824,19.827377796173096
77,15400,-124.00565310001244,20.103339910507202
78,15600,-122.56465420070306,20.378878831863403
79,15800,-1.0487580520745765,20.65884304046631
80,16000,-123.94513211493525,20.932579040527344
81,16200,-243.4280862053046,21.25342583656311
82,16400,-242.6481436650229,21.525941848754883
83,16600,-125.72290297624458,21.8090181350708
84,16800,-119.79123652060882,22.08861780166626
85,17000,-326.6933674030834,22.364640951156616
86,17200,-118.37494360655073,22.687304973602295
87,17400,-122.41006225062509,22.96947979927063
88,17600,-314.0905053758508,23.248061895370483
89,17800,-1.1445910061628035,23.523759126663208
90,18000,-1.111238649977454,23.800089120864868
91,18200,-119.02366493130152,24.123810052871704
92,18400,-232.69146438350904,24.403326988220215
93,18600,-279.3327419105851,24.680070161819458
94,18800,-312.7334613920117,24.959748029708862
95,19000,-117.54796536436625,25.243486881256104
96,19200,-257.63037954679146,25.570055961608887
97,19400,-122.61859464795282,25.852800846099854
98,19600,-255.01334905378627,26.133084774017334
99,19800,-301.671715547561,26.414227962493896
100,20000,-120.86297051865179,26.708691835403442
101,20200,-250.77826354907018,27.04000496864319
102,20400,-1.4769503126849632,27.31987500190735
103,20600,-118.43864269983222,27.598732948303223
104,20800,-123.99129067832288,27.878598928451538
105,21000,-127.44310435630106,28.16388988494873
106,21200,-338.8187423451015,28.488127946853638
107,21400,-123.56932855582072,28.767061948776245
108,21600,-118.62264475762441,29.044676065444946
109,21800,-232.969991747726,29.319659948349
110,22000,-115.98104829023627,29.59806203842163
111,22200,-3.3082282942413697,29.927563905715942
112,22400,-345.9478999517722,30.209392070770264
113,22600,-338.8490085004366,30.494431972503662
114,22800,-127.05603150075939,30.77587604522705
115,23000,-116.35748260373617,31.057673931121826
116,23200,-117.61242078995188,31.384859800338745
117,23400,-228.21294078422275,31.687198877334595
118,23600,-253.49792858024068,31.97187089920044
119,23800,-1.2966466276440636,32.254459857940674
120,24000,-1.3128550455535264,32.53832292556763
121,24200,-122.15765736070621,32.864501953125
122,24400,-125.96108907637294,33.147469997406006
123,24600,-121.05692731622909,33.424715995788574
124,24800,-127.43478109699356,33.70663595199585
125,25000,-119.45887360666114,33.991339921951294
126,25200,-117.12318315223614,34.3164541721344
127,25400,-118.80864695675797,34.59318804740906
128,25600,-122.55021012691442,34.87634873390198
129,25800,-123.34271275389764,35.16374707221985
130,26000,-230.83138737970327,35.44327902793884
131,26200,-123.40512934010134,35.77188801765442
132,26400,-123.44594262378558,36.048032999038696
133,26600,-121.7967819390092,36.3272020816803
134,26800,-121.88541792324547,36.603720903396606
135,27000,-127.83353624114014,36.89035201072693
136,27200,-365.97981803300854,37.22312092781067
137,27400,-117.12770359203789,37.50377178192139
138,27600,-128.6532885468701,37.78170394897461
139,27800,-247.8279100196856,38.05934476852417
140,28000,-121.2137371476951,38.34438896179199
141,28200,-122.27681849280593,38.677862882614136
142,28400,-127.51958006131848,38.963528871536255
143,28600,-237.24418734198696,39.25136613845825
144,28800,-2.275090058623738,39.541385889053345
145,29000,-126.13213789927508,39.82129716873169
146,29200,-233.9235978581601,40.148313999176025
147,29400,-124.11869497350261,40.430033922195435
148,29600,-2.5761909640289113,40.71290683746338
149,29800,-116.08756597738524,40.98812389373779
150,30000,-117.62732550314892,41.267606019973755
151,30200,-127.63521376761989,41.596426010131836
152,30400,-119.93958369546993,41.88719987869263
153,30600,-230.78373676828917,42.16993188858032
154,30800,-1.6414594739024007,42.45216083526611
155,31000,-1.8389131264659346,42.72948694229126
156,31200,-2.303117922880667,43.059860944747925
157,31400,-4.2955874559998195,43.34652090072632
158,31600,-1.6410330937053252,43.63220286369324
159,31800,-121.81882715595523,43.920469999313354
160,32000,-115.55561312206527,44.204591035842896
161,32200,-120.31946674860743,44.53461813926697
162,32400,-126.65323518643721,44.817513942718506
163,32600,-239.81279564353636,45.10327696800232
164,32800,-238.158643529753,45.39651894569397
165,33000,-123.35700382991867,45.686156034469604
166,33200,-126.6224355258094,46.02063584327698
167,33400,-119.67800644594567,46.301334857940674
168,33600,-240.29722464284774,46.59379601478577
169,33800,-242.8833445087308,46.88095688819885
170,34000,-251.06486014225214,47.167438983917236
171,34200,-131.46721057152345,47.50255990028381
172,34400,-240.5775990758845,47.78449988365173
173,34600,-126.85012546776433,48.066659927368164
174,34800,-128.38036036151038,48.34918284416199
175,35000,-122.68102301136028,48.63409996032715
176,35200,-127.66896116181245,48.96233105659485
177,35400,-123.86810712667085,49.24557089805603
178,35600,-123.69821084375674,49.52765679359436
179,35800,-125.04614205167672,49.80905485153198
180,36000,-2.3983708918382285,50.092653036117554
181,36200,-247.49553914024267,50.4366569519043
182,36400,-118.41787732249101,50.720377922058105
183,36600,-124.53174823355114,51.005372762680054
184,36800,-118.37412379873233,51.287951946258545
185,37000,-244.17015892455169,51.56852078437805
186,37200,-125.43282541120782,51.90322709083557
187,37400,-115.84340041782285,52.18983006477356
188,37600,-114.89424437333646,52.4768271446228
189,37800,-244.74875760340836,52.76666212081909
190,38000,-129.27349189172833,53.048616886138916
191,38200,-122.19639166876523,53.37649703025818
192,38400,-348.78094846750867,53.658732891082764
193,38600,-334.4285717041104,53.94435691833496
194,38800,-118.74621203527137,54.22627091407776
195,39000,-4.258721547759888,54.52645397186279
196,39200,-128.15904749667604,54.86302399635315
197,39400,-250.4486731228949,55.149312019348145
198,39600,-245.27186470062753,55.42980599403381
199,39800,-1.8668832096282388,55.70962595939636
200,40000,-345.3413460937362,55.99464011192322
